Temperatura (Â°C),Humedad (%),Estado del Ventilador
26.812083331625836,34.03535483804207,0
21.43423777695302,35.69507620930018,0
28.19257789790464,89.93355672199743,0
26.22434990126787,49.598354965554655,0
33.542412794700184,74.89103472293078,0
32.11558498905381,78.39990318160899,0
27.2918745639508,81.48139626043375,0
24.357851085099803,89.85769784412939,0
39.760719323111836,44.48978911541207,1
29.080032423922297,32.421049611581985,1
33.76548471560474,54.67149107967516,0
22.811059351567216,37.804840189736815,0
29.711793993187957,31.345553349723307,1
20.55073439738931,51.625609628489165,0
30.109102358209,77.02429506451418,0
39.28034814235404,63.97084147350425,0
27.684134259716004,48.76667935262124,0
20.779920251498233,69.26052032956318,0
20.61911581838687,43.92109081852864,0
27.759735198937392,30.8628867643251,0
23.20049872926388,75.86120318618563,0
20.467041926563716,67.42458509184056,0
35.124272279003534,75.7381574700576,0
29.170460177637814,32.336281001259934,1
25.78489543945309,80.22717766983914,0
38.00166366032961,67.17157200217821,0
22.322779204010512,63.80372104275841,0
39.11837657910638,67.47684288687189,0
26.279334347547056,81.86599481210185,0
37.768073446173624,65.21619039353442,0
32.05885752958923,64.85702279329075,0
36.53414719482975,89.44074942394595,0
39.68026326420929,75.40381002411408,0
25.768108756374914,56.53762832706812,0
39.22270970815186,72.44382000197567,0
27.789637898048408,53.353828301507306,0
27.710238094738447,43.73252774900994,0
26.807742085090112,65.81111261326556,0
30.8281521469517,85.69092588683708,0
23.08290086356974,85.74837120092776,0
31.074229707160224,50.51431668632942,0
30.83409624820008,61.6606479733017,0
35.2380362520974,42.69815391419167,1
36.672999238751714,89.737866569933,0
28.80882700624848,88.86707447207614,0
26.046664987029875,68.97053578244683,0
25.186697946341887,78.2648435806484,0
23.89247673409744,72.906009677022,0
21.152951643980497,65.5894931423681,0
26.848959576694266,33.20087981933386,0
25.404953842615665,57.285860553159665,0
39.32834771732814,70.48717813004464,0
31.154176525000878,70.65189683302108,0
26.945540780610152,52.387357105343014,0
31.60935201987392,86.50151919948183,0
22.78393402691391,40.04142193420686,0
28.88087498404406,60.02156677293364,0
32.524686428421276,71.45303859304937,0
29.77795663584903,71.82814835350855,0
28.035576013086484,68.91833740612893,0
39.87696777799397,46.51729280711161,1
37.60629524297854,39.37239412119732,1
32.4681191631888,68.15641960960265,0
31.387547223645655,65.95812696836626,0
32.41320959649168,40.761360617354455,1
24.026242156448667,72.3083487342338,0
27.902754865286372,57.31031950401939,0
20.789190657817986,70.06563549618917,0
29.510920749736535,80.24202478620904,0
30.860491679153263,40.183705714615385,1
24.554994722064194,31.1486920798102,0
39.28057694331028,76.7461551837472,0
38.18909221874484,66.58184550915695,0
34.44286470911812,71.97837417732731,0
30.66773257530725,80.28929849931856,0
37.3993831929537,78.16865608947003,0
22.61304687646926,87.65520881572948,0
35.8101958854977,62.156104731127094,0
22.496416279336966,59.30973795959432,0
35.88421325098811,54.113231993443804,0
25.51535136502714,39.22146257065227,0
37.541811620363774,64.35643397292134,0
38.88084187650796,46.620751459558726,1
22.975919388102312,85.27845073277854,0
29.25351210130787,64.99144825662586,0
39.6197475632537,65.57041083048661,0
29.668148719462934,51.2954796526206,0
37.270950450290904,33.11936111866245,1
31.774630442626396,31.904625922379317,1
27.506598158392038,55.40010864919185,0
25.715671110517405,35.07392268583427,0
24.064461821721746,66.41081733240836,0
35.235963827553945,82.85838033837945,0
27.73081013646056,82.97488899112332,0
30.225509244015022,69.54272460793393,0
29.846509600023637,42.67390988837586,1
31.545580584662623,81.77980988153232,0
37.31154291249105,83.16560611879248,0
39.614786871668585,41.79921509717752,1
28.15168417147634,74.24556514624064,0
36.55037844212606,47.19117293562738,1
35.29055589309435,78.15841874117578,0
31.470579029111466,89.83427399421616,0
39.12094287223866,31.801560319763567,1
24.009490310568054,83.84195194745593,0
22.185284206192428,67.35783201591948,0
37.07923933910844,88.40295714988926,0
28.782996332674966,57.90057105158566,0
36.93937708414121,80.84327583428242,0
37.8618041039083,33.743644115896636,1
21.24915187238143,50.11674300469774,0
37.66929525972121,34.0209922650726,1
28.966381107388443,88.52058800874423,0
30.208649780084645,79.0184344363102,0
32.531850221864204,81.15284527475822,0
38.52765213460174,86.27791388603364,0
20.382321888595282,35.10620916718712,0
29.536869366356342,53.1358555508,0
33.75444084861121,34.26209334264013,1
34.45413915396457,42.64758609300172,1
33.85064863074216,43.76194662226034,1
22.688702588162435,58.14643266285472,0
25.987911767433623,46.11373004721855,0
27.17431050834027,36.058686409065665,0
36.0887441535901,40.04946534564646,1
25.57519744829106,38.836533813125456,0
24.21409927734406,88.3846078747379,0
39.14896038076192,75.55755041510841,0
20.177265702269377,88.06568791617372,0
39.95641711363956,56.38442919047451,0
33.536425977147914,46.702108899759395,1
36.56938598898234,77.8975918325512,0
25.892387926923863,49.57523508246881,0
20.2863055533412,47.9630024223209,0
34.7573903712306,43.950359532469875,1
36.68289194001352,37.78073869345412,1
34.80952263907038,45.387783661005955,1
22.85700574601677,51.31918490843326,0
35.06855844513938,70.43965248874383,0
35.378455642152815,33.753890533167095,1
33.1708103134011,42.630416379920575,1
35.32231865591172,78.54141841750058,0
36.91842879355464,38.81531541502625,1
32.27208228474917,50.55870879135129,0
21.77209427939358,81.87953531148841,0
29.75255619334422,39.29551866860656,1
21.5529866934321,34.96421013709139,0
28.150860620648615,59.07227970480065,0
28.142129782512555,48.14517067671218,1
21.320196882804833,63.80450186903125,0
26.976410679389588,78.22829342900852,0
22.219961975826298,38.22890928916459,0
36.164704200184445,64.84194507325711,0
38.95376051928942,60.330525623391836,0
21.446329505158772,38.64472716079197,0
39.102304145834026,67.43990913173894,0
30.451531986734903,46.4184250716463,1
25.991313559077476,59.27005911264075,0
21.53724150552327,34.93633945662371,0
30.012485361408356,57.57504343281738,0
35.89031088981497,48.38780808256922,1
34.14172954533396,79.34287267112126,0
21.004520229279475,33.4187236198421,0
21.45803670735807,55.1164364950998,0
28.05746565265274,57.50588544788628,0
25.905809880958866,73.50036457794712,0
24.647686461120955,64.45725450541266,0
25.62008997817427,70.03274023165086,0
36.06965486593769,76.62295713910537,0
38.58456107263708,81.73217841949133,0
28.10205389055133,48.83252980334823,1
38.12222004264994,62.28136232183418,0
26.42991402495764,80.40648470635199,0
29.528739726875834,89.36706785790338,0
24.520579956319995,83.37115866262579,0
32.80952084351688,52.28803575746261,0
39.57962230349618,41.709991033119024,1
32.069861920867574,59.36355224439532,0
27.15628168227098,74.49848711016253,0
32.956348919810566,59.554144245197854,0
22.45841356930775,58.99085179882011,0
37.77318160530797,80.29382526490804,0
30.061679015596727,51.68422674403118,0
28.98699484079284,81.58768048869874,0
31.717295769070383,54.40828805710341,0
32.49567725578805,49.69398634070036,1
21.43551612453026,57.23939467198194,0
33.65234442446805,75.7468175204921,0
24.83863360631059,37.56012167183965,0
34.279052650131796,41.78515295232104,1
36.450695887683935,87.08668953978551,0
36.079170151050405,40.52949764288144,1
31.050019348157782,64.06363907586328,0
30.40339784621502,64.75886799971627,0
22.857519226788234,59.37746772301469,0
35.506923008062714,68.68471491460912,0
25.428187608934287,43.789603547857105,0
29.93390845635893,63.15973606660489,0
25.685481858550332,52.33039531481383,0
22.676567259993863,69.70003557775135,0
32.59115393783473,38.47341260238897,1
21.086640696458076,64.25264501036858,0
34.972904682524,41.11622132299942,1
26.351735905222334,46.71858378690219,0
20.002693860089707,43.12258801941499,0
30.222582784744596,40.970266792129024,1
20.937038170552064,79.54265709364002,0
25.52339115641799,47.14245405965342,0
34.139529749114324,85.62742691186696,0
21.25379243243732,88.19559152071145,0
36.78676984712005,64.27562819622584,0
20.076398453171663,38.580067359943584,0
24.936477384038046,52.47289460277487,0
34.81808112304143,77.86393580089285,0
26.325402994586135,52.04344372182423,0
22.037847761320272,35.221033098167325,0
27.20467837600856,63.407094655691274,0
25.40786572769051,80.70725108976208,0
36.8542380432111,77.75558322861013,0
26.26695835170286,40.507388407821196,0
35.778649435520144,70.365876864748,0
37.8374428962147,43.23025580613883,1
28.67634839153059,43.09245207313033,1
38.19886287708784,82.44430639831111,0
27.546361079263857,44.98013716441381,0
39.28156832980216,45.794840791080674,1
21.78579049051146,30.039203445677973,0
33.74038533006485,82.24014204753107,0
29.876280809138574,77.55568879254808,0
27.752976109112943,67.63973610544068,0
32.654237574972015,75.01594583633053,0
34.07714183268662,39.12291404546951,1
20.08726539300618,57.499415675254525,0
23.339061774943975,51.07316324092685,0
34.260921012686374,35.62659157542099,1
33.32770827156413,59.16782911289545,0
39.32095010257355,85.24437902055811,0
35.220755805015656,32.40354714304167,1
39.01545415462676,47.48765480962763,1
34.05081003069614,42.45245617234221,1
25.961044172788863,44.28879921994178,0
22.10729844501713,84.50607311276252,0
35.63647726689871,58.08414325405741,0
32.88298442951832,57.97796477638913,0
20.963720247865925,75.63453854731694,0
27.201009318019565,39.26953224029555,0
39.13599630968572,59.235921246003045,0
30.008022914204027,55.799112847263586,0
28.654582720394092,65.81464143279936,0
29.153992103185878,89.97346219502631,0
24.177654480103275,76.16693364492284,0
27.374143417295905,53.87194218104563,0
27.396265119743532,79.65318313644282,0
21.047100403749447,40.24250179874881,0
35.351352570358365,31.827821178537608,1
28.33008863807758,42.26690234785639,1
36.44359773632847,50.42469336685558,0
37.006960022397905,60.634845447573596,0
24.23988109397316,66.90774843247199,0
33.147069643402574,84.63634303286531,0
29.445636083259636,60.59124057302746,0
37.603134758429704,60.076538677543766,0
24.31481358352908,33.01458058937893,0
33.556264006200884,32.09469315937343,1
32.15504244505445,63.06959771498232,0
25.906029551436657,56.290716794900675,0
22.732018073023454,80.35082369881792,0
33.03279520954553,39.64077508271071,1
34.771949162646614,31.498299727022975,1
26.312546875267,56.94232607580756,0
32.89665208044627,44.24871340513545,1
27.902618152230065,32.97686240033025,0
34.264137665652356,73.47589721085774,0
23.984305497881063,36.69557999743485,0
37.80430005272349,66.49917000046631,0
25.748191929311595,46.86298501001335,0
27.355719755123058,40.40976302130132,0
21.161839041606996,52.78509137515905,0
22.230244246425528,78.08674657337721,0
30.317238054246562,53.52561461427436,0
25.35185353455943,75.04617895266334,0
36.70960451484389,37.52917780794904,1
20.293867773099077,76.36628517990475,0
27.58188097343872,44.215999494398915,0
26.746910935381855,70.64358779333236,0
20.38655261835202,63.94689329045978,0
22.487367980010205,85.74868303270124,0
28.272853498372704,53.23935107851884,0
29.857291688948933,33.969911330066424,1
28.085794945097383,31.149329133075174,1
30.61875356824188,79.6115136583652,0
31.90263349811363,61.484138259685935,0
20.198476422556713,76.51464311009696,0
29.28190318907008,44.065536000690884,1
39.26998481775176,50.70502473079402,0
30.380645602590974,31.806232332679137,1
33.55084534917906,87.68953947444673,0
26.237277158337662,70.0720744020488,0
35.47982756305525,85.99230526555837,0
35.4584296375223,45.92978444574434,1
30.42592095308278,66.68781667353966,0
39.520276465584274,70.70999809755827,0
22.511004295253066,49.05298201545531,0
20.33895329779162,80.8865541009378,0
35.403164235141915,86.82968777401487,0
36.143110747297655,83.09130706176026,0
22.404144582411526,74.34401855636236,0
25.311656659172122,46.64788078349724,0
20.35104726733258,46.8969625263379,0
25.866172215611293,87.80161922676228,0
35.46283747837343,30.61706975614152,1
30.35921055425158,72.96299839452867,0
26.961911863365764,72.37476975331573,0
27.434785898126606,67.36137245698785,0
20.027072514309364,89.40653076521195,0
25.996010551304717,48.712766145823515,0
32.92917483275861,50.398311827594895,0
39.48388887632714,34.73636417679333,1
36.94121653967799,56.567888192624245,0
20.47189929291058,45.662911574090884,0
37.97121209349679,50.60320213065865,0
35.66396826597252,80.07430741533766,0
35.60752247141961,86.12907081164974,0
29.15991518007143,41.143984320311134,1
27.960105859090056,52.35053589320795,0
26.058314576663854,85.71783372692364,0
21.313897179087316,33.70850764135336,0
24.56470726987398,35.54163168668271,0
24.932072699560493,39.76745935237376,0
29.681541394204032,65.71277004761248,0
34.94888813193388,39.02833626035985,1
29.476196567958933,88.08458288704401,0
21.156888988943212,56.802871635511224,0
39.15579601976408,60.09107762100999,0
38.854486381882246,44.79951694832439,1
35.70379086296817,58.25761514608401,0
39.82655803128441,69.71481795822069,0
30.889646656005258,75.07062821724256,0
39.25536700506412,75.23208496259478,0
21.512100812335014,64.6734667616453,0
27.313614965227426,84.26158649963143,0
24.507625360135314,79.04447083836656,0
23.9166616826854,75.42288688191752,0
22.816058977853523,33.33633130082764,0
32.44827283131993,30.41267773317896,1
35.6264371149461,42.74683663172838,1
31.565967988407213,69.81141563480713,0
22.939254191764192,54.671849332952746,0
36.22247539866942,54.1443755579587,0
32.71909414327457,83.07521329377683,0
27.76331412253991,83.73377088791032,0
33.48260591072126,84.55051584321515,0
25.198099584856656,48.832684590901636,0
26.90384416988421,71.46334876435571,0
38.34971686263981,46.29799087646218,1
25.81009011342841,41.43658998446699,0
29.399765363158732,41.07794744084215,1
37.80282274792029,50.52645725181564,0
34.15442700535055,55.7974571867893,0
21.244064523294057,79.8569502633041,0
22.946060885579406,37.19346560836273,0
20.156831815438338,74.09555084369364,0
32.61843580458327,61.88729485135832,0
28.953468508208367,47.27672056055955,1
22.68549701804551,59.569175071969475,0
39.15868242113541,47.99652418662136,1
30.593194478912398,65.76491731429836,0
24.837865882257784,56.03063537131465,0
30.01207142309415,39.86433174473272,1
33.59240665470216,36.9949844733418,1
21.52478435947129,62.80174092432781,0
25.49407630095784,84.1447819971662,0
36.13930981767987,50.637461193461135,0
29.193297408053226,73.9800064333574,0
30.931542840645896,69.51968129638601,0
28.656320044189385,85.89329485856885,0
20.877998852860102,79.25886103794845,0
23.31499559640312,63.99631553432778,0
28.910832774837818,69.42182989404644,0
24.183709308158555,83.90318799504209,0
20.999580573193576,53.97112707521609,0
36.87299328103647,49.60768235146664,1
39.62385058328232,30.64866501811178,1
35.86285747993479,79.59306445148786,0
37.07569843409334,78.0588420242019,0
24.839542606340906,36.26727108600908,0
39.212539510263994,64.61144286796201,0
23.93851408906857,57.83890189001325,0
39.028596207236646,37.12254573054669,1
39.89638587931902,88.83409362364341,0
34.234456114920974,42.88175324780133,1
39.62287463583644,34.034050805433665,1
31.390795591342073,65.69084277011457,0
25.190835663521806,74.33200062798196,0
28.739917713312416,31.946606762831216,1
31.87121870757572,69.52305832362133,0
21.4616312405403,61.93751255708727,0
32.446865292344924,36.195900532502904,1
39.62355673524589,40.35143261678172,1
23.802152995674554,64.07845783896482,0
35.85190232576767,47.7814568107973,1
38.157975875592385,86.29894371907896,0
38.874031856404414,79.12441376904304,0
39.202712088108946,89.01403239081978,0
30.42919277442944,45.580250337024836,1
39.54615815983007,88.18341796787863,0
35.146204142688774,55.87403218749347,0
23.233428724739237,50.85112771882528,0
29.5380021293594,33.0209716181612,1
34.36662350744008,33.165915471576156,1
24.946806316381668,71.52067535679927,0
32.81230367097775,57.475739666041676,0
33.332009580932386,43.591297562166346,1
23.25399487617132,66.83821837951396,0
31.301706249055126,45.17148709500667,1
35.43253821957215,64.65790526066536,0
29.97791329071884,51.552524818961416,0
20.24206233552215,79.41313359670914,0
20.180769381585844,79.24176964600676,0
27.140586879400246,58.641023887344076,0
38.52388136863564,51.04914656010094,0
24.573535592072176,51.75358779354568,0
32.687273777433745,78.34287154009307,0
24.44151741386641,49.69076896785672,0
26.433399793190972,42.54356242241076,0
36.96084179202968,35.08130051251841,1
34.577228845398935,58.0015872530645,0
21.907985546264214,58.927925935190515,0
28.57404041972867,80.45452262417443,0
20.58339527290529,43.274321786763835,0
29.61780293206018,52.859476420103995,0
33.248680234021364,78.50434433362145,0
22.37005247196303,79.41741664493841,0
25.777698778183314,53.076664558726094,0
27.95673251004314,57.547441397200856,0
38.39062049312099,48.197153450956975,1
39.865100308459276,85.95329270515873,0
20.89822597991232,37.118625944494816,0
35.220158469907844,86.0249653800882,0
27.434481328046864,71.0319871101206,0
27.8491637245896,61.89432916120387,0
35.085299466940455,31.95954364706975,1
38.368528642908174,58.5357715093205,0
39.018571890050964,54.46488630016394,0
31.542451720766415,39.67312871850736,1
27.142423186010056,69.38457621003941,0
35.750981717175584,88.26905444209714,0
25.020027665246005,63.73132866387151,0
31.281480576670354,72.88519658663675,0
27.17156923049746,34.107027153961006,0
33.132621474157524,55.06001974901969,0
24.80797825787014,36.981509109869755,0
23.831858914696515,66.76775013219063,0
38.36478173350874,86.30892949284927,0
22.036073658990738,69.70666394829831,0
30.11915815469863,34.608182898865294,1
24.41705565926018,51.27997229910497,0
20.77859926651335,63.03980276645109,0
20.72037636582853,54.19246536799513,0
23.504435442116545,80.01864062851034,0
37.33540709012,78.88026028259935,0
25.649574879540534,66.7098612061933,0
39.009183411505916,52.40747670796232,0
31.63244585978387,45.32018242579465,1
28.732283795375324,36.35245909278776,1
31.60177669338909,51.29386100919324,0
30.333967704525357,54.79035103246317,0
35.1755250751465,70.54937550624442,0
25.649921319457043,69.48958945785441,0
27.061007832006048,34.20648837847541,0
37.88188605066502,53.715558925869466,0
38.929130263008105,40.90673203304171,1
37.85116454972949,39.40876231900834,1
28.38895987914627,79.63812898423475,0
35.607310060137635,32.514913002975455,1
29.526714666021974,55.15097255412728,0
29.950797042922044,40.09221934599109,1
24.093602181145677,82.75981294070844,0
31.82260606517033,63.422430796502105,0
23.72271795506696,43.88283818261088,0
26.631293981343873,60.14563722998258,0
37.10060403239871,73.88918158218695,0
24.141516184217103,87.48708053516603,0
21.423165703468655,43.226760254725136,0
21.380151852256326,83.1709063277607,0
38.81569041006216,86.05824685004941,0
30.138408759236693,84.98523267192397,0
28.188241436340366,68.12486141171459,0
36.21757162015837,67.78923926608246,0
36.716518558210325,54.192637991029365,0
26.64382066231209,75.14387293822728,0
33.87236114947591,61.877641101055914,0
35.42245631703773,70.64628427369766,0
33.09301373731909,55.70747423092773,0
23.031901496001986,73.88978784258833,0
37.51766167034114,79.46829105627295,0
30.781891054720173,38.78617539616897,1
25.649448527400075,79.97578293445369,0
28.504563708753878,62.41779190741843,0
20.751421807978147,80.67995454541347,0
22.55733602444835,55.878102380460874,0
35.310935010317216,52.7424291229821,0
20.00023269510732,84.90364395103335,0
28.331316569645843,45.07015605290408,1
30.45020362171177,80.65273951716858,0
21.092688400019448,59.041234350564245,0
39.461563259446656,60.84572655307558,0
24.52250662499344,48.50809688936904,0
26.083974392725615,64.38253203714095,0
26.078850245100547,49.512671776572674,0
24.608333242346998,32.35616485449914,0
20.029476441726228,46.31991632066136,0
34.58689588175993,30.38274260439544,1
39.33690999598571,88.7012872234114,0
24.485869665700903,87.94483258918484,0
33.26094383606845,53.7093178483383,0
34.837926539174305,73.70225126037876,0
36.9685075818105,50.7483659046255,0
28.452583940272184,70.26558942515857,0
26.058618112808585,78.32580258275874,0
26.505902680460622,86.80537468153445,0
34.252426661970254,54.01273655098032,0
36.335589330112725,76.99787897736286,0
23.632279355132052,45.95570703792713,0
27.418820163155303,89.4199382276189,0
38.038803934983,31.546175925861068,1
36.13387039389478,66.21172839006726,0
39.69716805524952,69.57035889907962,0
35.084965193641615,71.28273342444773,0
27.863904020558444,37.22325472734534,0
31.812756679892757,86.31178700838782,0
33.220285084946404,40.870996743004966,1
21.569116326342478,67.36520419439046,0
30.889939182077303,43.3605647473851,1
34.18641656945219,48.43298502127625,1
23.346426080021207,62.78751250368746,0
35.61263434851114,55.03160511387459,0
31.675455610282235,39.61353605859038,1
39.04443571395189,40.2561841452509,1
20.848445964137834,55.088687289767975,0
25.30652275110934,75.43697869653005,0
32.031077585996485,83.87787881086732,0
25.93119824411861,35.04765973556297,0
34.288483281424845,53.58623445356406,0
35.18010565043862,36.014733823372595,1
22.05031928132949,30.995548837955873,0
30.277089284135354,69.7031209586374,0
30.177811111821118,66.14696651799527,0
27.38561540431082,39.78114682889317,0
38.65849725139344,44.02876998558385,1
36.550126397464425,31.422465218671103,1
33.94418763819274,80.09683234166422,0
34.28653271469995,88.4814357629131,0
29.234322876262382,38.127572207681446,1
38.41989042193151,43.888512825917886,1
33.891908545065704,82.10457143681604,0
34.57962123311633,85.5878278773711,0
37.2338180757469,55.17764296840862,0
25.48143178684382,33.03734833614445,0
36.14141807733406,32.36351002156916,1
23.904812059129842,64.43699196414062,0
26.906839044897758,53.57370653359074,0
26.712209085396854,31.719145654659272,0
39.57050936778281,64.99514353875341,0
37.13074447495853,30.678152195341347,1
34.02339723180519,77.24231748895639,0
34.5411352323078,48.385969362202296,1
31.24145588805142,32.41548018055393,1
38.94181334217038,65.3011332589892,0
29.92517505764723,53.86106486598328,0
27.61035419739789,88.42802480142896,0
23.26070673863182,62.651919750222135,0
35.72411304522116,46.514350862220496,1
34.68887864151183,72.56633187803848,0
27.687100770482697,46.28952015256268,0
20.503868279184587,84.25459748445391,0
36.779946554360215,52.483318230442585,0
20.228359669081474,62.99211376657232,0
34.07399559258102,33.03438622945373,1
39.40514219452114,55.56727427713385,0
28.75322656296407,79.9418123796597,0
24.699468099919056,78.33892832180052,0
34.09742020086763,43.45911353121157,1
36.3425628403117,43.56474426063376,1
30.92860632155695,79.03831873279421,0
39.340705505122926,85.82390521015952,0
21.03337443315922,35.72165527638021,0
30.09591196609056,57.00351836557351,0
34.369078946451,50.24725673785374,0
37.252809422983574,82.24130732744635,0
23.5851122381558,35.01149488080112,0
36.00006963527363,42.66755655348224,1
31.054141514370905,75.14810025518966,0
27.931073639799266,33.077630938872936,0
22.63430057158187,59.55212284285736,0
37.30591517817825,56.5264220807832,0
23.14546416359431,50.06407073932492,0
26.195757184181986,53.67433891913542,0
25.800910639248738,61.79643521581397,0
37.428280683817086,39.68204150330298,1
33.45405988417796,64.31975269701556,0
35.933627943827446,78.32593975799918,0
25.00935797584998,75.60965578740954,0
32.49748199213998,39.23399428162642,1
31.434919662874975,38.954968184488436,1
36.65660753576542,46.0904620646948,1
38.12174120962521,51.66448358046223,0
20.243135429547735,54.50733488450896,0
33.48039838117585,70.78183301000072,0
21.03671598239458,33.40082592995012,0
30.97717330154712,32.08036225356398,1
25.752654580873564,53.51463377663454,0
26.135531990442825,71.82982152827883,0
27.05917006904713,41.60612057738895,0
32.4258489809922,68.49026887537511,0
26.680999313375384,45.58968827641797,0
34.65398101180561,83.16516652881097,0
28.09054771147739,83.741396655997,0
21.367064006199172,47.83723225687959,0
35.675196849682145,43.79962523779443,1
25.71516649185412,54.67823832397387,0
28.65533759198525,44.431895110808924,1
33.708877664438035,70.34303059750222,0
26.64912314297424,79.56388107289713,0
21.13171312293431,70.38552785467303,0
27.47842094025627,79.46102683496096,0
38.88897165388607,53.819529732448444,0
32.83468794597116,39.37901824253165,1
33.42958297334414,74.27705684385552,0
32.6456430727528,51.628470308493235,0
23.979842779188736,70.27624951374796,0
28.3666772820456,46.23863651890594,1
35.018795967266364,34.87377808840036,1
22.027457951063184,89.5549077292658,0
25.557055521794247,39.37209047583596,0
25.526382169317074,89.30525963780886,0
28.64037855189012,88.63679595398685,0
39.6073748188437,77.62908623448237,0
21.35005093367644,69.56537772491986,0
30.3740198876119,64.66842301506509,0
23.58729364024421,81.96609272267008,0
39.413530908194886,47.36637129716928,1
22.266070094549285,58.060872749092624,0
28.072020047231824,67.16339816199012,0
34.75769969669212,54.671428552169466,0
34.091088560548904,55.64918724541608,0
28.454572737878646,49.817080050125064,1
26.930483359054364,63.85390900107216,0
27.952247571057413,81.03447168090696,0
25.285525263172786,42.09170268037877,0
24.106658774135994,86.06598232520648,0
29.6607939511778,71.34525922489378,0
25.370675121352146,79.3963927608018,0
25.749233297945004,63.3714415578007,0
33.13512126949114,76.77100208544381,0
39.37074663399784,30.97202384036803,1
32.0727440111875,79.1028254867721,0
21.539589341299326,32.40833154512199,0
21.511672277081338,83.39480258177176,0
39.02846441691132,89.5177648343186,0
25.945815806146673,47.64404773060667,0
21.841339721649508,42.61911337714762,0
31.980891743007632,75.92180183148244,0
32.47297556580532,45.1815804552152,1
32.97009640237376,81.9337429903322,0
25.348040557150824,36.170555529448606,0
20.3022136842895,37.557311782761495,0
39.30030738908944,88.74909330603694,0
25.017860913822048,70.43033389620028,0
33.52052576105095,80.81323346573717,0
34.13259739757419,49.45976264109108,1
32.20014834158971,70.58902497123626,0
26.258147884272965,65.65450963851583,0
25.421925075281315,66.18900720737682,0
31.95336565405406,70.9519475722633,0
37.32191267223383,64.52155038774592,0
38.93467457846791,55.74374215815996,0
22.11811608807515,46.55536166283281,0
23.0965722519544,76.11487985479212,0
38.89472517566159,43.57634580019117,1
34.73070456669585,71.54125836926485,0
37.65987649659546,43.999969358959596,1
24.052652682706864,67.51981019726723,0
31.751717422188037,74.82469602774174,0
34.022791888349474,43.122833334392354,1
33.602237708939455,33.5965980516785,1
28.16303381733396,37.858424579650446,1
20.307897833826168,66.35981803626153,0
31.658521136085263,80.96678437354413,0
25.062030783592174,32.699809274125464,0
29.005084922857804,74.04907554249877,0
39.151620301676346,50.47911875700313,0
27.980706352848692,58.711702195171355,0
36.796032133288534,85.73157299073394,0
23.770812114985024,49.91829028415073,0
33.449209960500575,57.92021603636916,0
39.54013908877887,30.820944885640866,1
22.037862017458735,34.8959232002903,0
20.166398844543842,45.51549546808704,0
28.671655852652286,31.671134449264464,1
21.852509661027344,67.88251956289506,0
34.96768699352462,55.58390140809735,0
38.29097327697118,62.88871216368132,0
28.680419454175176,40.47883115377977,1
25.17423284310882,47.75592176619696,0
28.688066380132195,69.82946849116351,0
34.468956357000025,87.91816341782399,0
20.18108323160742,33.025006416132555,0
31.789079789693943,83.42305925131596,0
32.26583369774758,64.61287207867251,0
32.75376493791871,63.83517400533742,0
24.840441599617545,60.01671211246562,0
34.281054467562534,34.163645154251,1
21.827829726635528,35.39261110416964,0
23.985406729336017,66.05472033954516,0
37.54940093308964,50.4575142861335,0
34.77446301453133,85.03608399466084,0
20.274911080226904,54.39543224156834,0
24.967525207396005,38.59688752215847,0
24.28812965986329,72.88313001012216,0
25.41612656073945,47.60120528646059,0
24.95119540559773,61.52821844135359,0
21.250525914856915,71.8699671303102,0
29.178810331936408,84.01584667212423,0
34.654669495723304,77.53147168810057,0
32.13463449434873,70.58166407236345,0
33.4574333719616,70.77799094370862,0
21.622983570724784,86.7554786419252,0
39.02981420353574,47.74944584979217,1
36.76983667686049,30.066725651771243,1
36.101806369913255,46.317273563891916,1
36.45967610083535,43.07348277760464,1
38.654210162655225,69.7100751068399,0
30.885079322273953,68.02269598593173,0
24.00564035735252,65.60768296228343,0
32.33567215705082,30.974606592567223,1
34.85762987335878,73.72668326703885,0
34.75834786708051,49.411824749129494,1
30.428980483337604,69.90335934039786,0
21.36917438667156,63.3947057101292,0
27.422258768602557,50.56385552567443,0
38.415332169267145,38.07457602624646,1
31.688978195148522,35.66513385962886,1
30.766638865114267,79.89109998673342,0
25.37707028764387,85.10385252489348,0
27.368978398331578,68.98728280585797,0
37.90692178306338,36.206046891629,1
33.329260950536714,54.12163301329444,0
35.74774053504666,73.73635200630943,0
29.086908461353104,76.78925304060408,0
32.60494438912316,37.093117337465316,1
24.96767217486415,30.001843130722946,0
34.10921660566973,72.7282227528363,0
28.552026674066745,51.395770559172334,0
28.850910296294913,45.268879897095616,1
32.986446491537635,30.773848187371527,1
38.72561242937853,62.41796440568998,0
21.28012693217242,81.0690441255589,0
36.49486474694015,87.45789877635528,0
25.84766220824386,63.94469703679735,0
28.878389090127556,60.86767966439365,0
20.43826657550018,35.10338312935447,0
26.02092155668626,62.93236809255598,0
30.05262485260261,52.79874473792368,0
21.12352154694878,66.42811685301461,0
29.8219145876633,53.3235808725928,0
38.54221257716854,44.417947407022005,1
22.107864362156104,35.69791651370259,0
35.28881456151009,48.89510667533374,1
28.193421067519854,35.798690057265134,1
33.10347429048676,40.613817049439035,1
25.20473195970459,89.24016951477276,0
23.189845250827165,56.64621341439712,0
23.20925228542453,61.91230599030099,0
21.40983891286289,82.41711172423292,0
23.71293409802486,89.73413402944126,0
33.284387699779366,64.96286696068088,0
37.633812236870156,78.74842926265029,0
36.282513711823235,49.61646146020051,1
33.70268619748968,48.34463744683747,1
22.208637268222052,54.16222325967361,0
25.783748925918996,70.35043576041895,0
26.19613750644938,70.93150135530593,0
24.999138927952423,48.91436607896705,0
30.300113194194463,37.99259544819772,1
30.71107629759345,67.94377538793051,0
27.137719503422204,37.69955173132587,0
27.07578317472872,64.7095504937598,0
36.57111195812163,71.60532768337853,0
35.78585696639371,72.0366897836671,0
26.155916633614915,75.2083266395758,0
38.27576887746518,82.37156529393988,0
39.05630034005012,59.997539517887304,0
26.534850840600818,73.81495137177427,0
27.088498975861096,67.1503641219502,0
30.112683068439175,41.19839638786095,1
38.82241625067347,31.54137869216449,1
37.52638866284623,47.07248314061603,1
22.051359251671798,56.582022380257165,0
27.854614865428324,67.02635666571938,0
31.067423794995435,80.99755983019233,0
30.0626494510308,41.77474300236994,1
23.877261358737854,37.53298739390863,0
37.17633542336309,87.80879684845965,0
33.538815659936745,36.482673562584424,1
36.75816749703607,58.70946420643135,0
37.175285586989446,65.13382372759811,0
34.967117073314796,62.482465254446296,0
28.784212024994346,35.161929421976595,1
32.21093510030849,33.42161484021716,1
23.207308122394863,36.32900564766214,0
33.472908349498155,65.13526103235675,0
23.585065114785614,62.66069325805927,0
33.87899181020313,44.02444752220465,1
24.591963215079375,68.2664485107355,0
22.3510260030044,79.20405012333896,0
23.30568980285915,32.49473759079562,0
20.039842704381407,59.887796612882546,0
34.3747923570706,71.35862472616142,0
34.64802098116758,45.13871562418122,1
30.29866699826519,48.46625431758895,1
23.227256021107674,66.81827417936303,0
21.671086750213796,83.8761176066242,0
20.38257932874574,78.59546521817396,0
23.314963539304415,64.98781314597501,0
37.81711069966293,73.81330306543495,0
24.830736834033637,51.88934821246792,0
27.085426544344315,68.45793168592547,0
22.106909689626665,57.97089546765342,0
24.447226094963405,41.396168187453654,0
30.384491415604103,72.10429643263544,0
32.15505366191305,63.38787824092932,0
24.90704628332422,51.51729491721548,0
21.154643184502344,84.68035140471784,0
27.82065738254797,31.256047069603994,0
24.68406741852668,48.94638907496976,0
24.39107846459604,33.412883866658795,0
39.197256054269104,75.99163897329763,0
32.326009718514484,72.12644724682755,0
31.137568863441917,49.88113312417902,1
28.315502070466437,70.53977413242438,0
28.578886668602884,53.756233571756994,0
30.818100076761617,75.37522748534606,0
33.92859614072215,57.25101976420237,0
34.04292192363659,54.736783669899935,0
23.433878154108992,86.08379492929805,0
30.00225504153254,45.05274599344202,1
28.23916190068204,37.22684039979393,1
37.41053932538769,65.07258679556749,0
32.628378424367526,88.15930873705074,0
30.650081328319636,52.6703528236312,0
22.307892843578347,33.72220581772689,0
32.11275778646823,50.358316038574046,0
22.344078113604667,60.355899259173505,0
26.74413151131504,39.71538039793282,0
22.856839296286637,69.48613308338952,0
33.84147294048738,89.86496334061204,0
24.12504227672305,57.104368558886634,0
27.83718746376052,51.283713403812754,0
37.91349555237557,54.042250010068,0
24.086327667979404,36.908770703712065,0
30.15610127917558,82.99641608557343,0
28.38543322332044,54.889539331281114,0
20.362480820914595,53.236464685490475,0
35.85516227145625,69.58141637582847,0
21.380918126291995,56.52200525586741,0
29.485100419539073,68.89400812847077,0
31.213565898779,33.68677740784725,1
32.568529132291744,78.82340062333364,0
33.77263258615751,86.43023717276415,0
25.0654476704543,68.92592316956316,0
20.19957553316899,87.27395573152864,0
34.46887324709824,39.0859388621978,1
30.713131986951574,58.64497136882122,0
36.72235406414498,66.10840403672684,0
36.42776725801389,64.9041988452712,0
36.866523355757664,54.087706745342594,0
29.701893199590803,50.28506456197569,0
26.672567916737314,37.609441353025126,0
35.8311640518274,53.50454703373669,0
29.0258822605851,39.759648906329105,1
23.66884392806869,74.0619405895331,0
37.09948039122949,42.529856129675395,1
37.65119753544695,33.51391831707203,1
29.3261951228034,63.14196826903406,0
21.51399454619575,65.7137839631641,0
27.756521798338625,82.31478367683033,0
36.070753189252066,64.61889674506091,0
38.03548057092458,50.72885122340674,0
24.069454849951917,78.18071289157923,0
21.33947224050543,62.41673359124526,0
37.54700906265677,34.7568170778715,1
27.788098779577506,63.951033618794796,0
30.835219285351265,84.48111272529974,0
39.361316241015174,53.778757529893234,0
21.33129455828446,47.779548113988,0
32.96636014904191,38.608167421081205,1
21.482108451497343,39.08673131612144,0
27.509378569330007,55.96628906050913,0
36.07629090386894,65.74078944969177,0
28.669444655112688,34.8369243101761,1
39.94364707805901,86.37411534150993,0
31.181185698932044,75.30801704671175,0
26.42324305271907,65.19743509701976,0
24.402226518095063,79.70632025633945,0
27.010410685723237,34.8112054087268,0
27.450665475191016,58.610332663987464,0
21.37427355447922,67.8055876116998,0
27.391483988535462,79.71917436709735,0
29.2847703947845,77.00817360295606,0
34.45475504477609,46.62415498280398,1
33.13458969443216,86.45281017355225,0
34.17531310458308,37.46075048585222,1
20.167273637537143,82.50801711726913,0
24.353347991610722,88.25641497627711,0
33.23368576799713,40.62921139335754,1
29.679787363594944,73.32396385222711,0
20.106269513366918,32.417131126679905,0
36.089892848636445,54.3253695083493,0
35.45619146580675,60.97699795186044,0
30.968383259871253,64.83871355457805,0
21.329266515525443,86.15623489491357,0
35.33030099065169,70.33504123765168,0
31.674271754627277,58.87667707315422,0
35.63919954315918,78.58050217595336,0
35.03493984791681,87.03196925726454,0
36.06004143915674,31.32396892093745,1
30.360161328092495,88.95127633536232,0
22.8064903638703,35.16792834382082,0
33.423149467593774,78.86320675612568,0
32.40947570103941,46.82008515308475,1
34.84506374398174,37.930779465232305,1
23.397620121014707,56.39133838283009,0
23.899503998005784,68.63739476685681,0
37.808190344386574,52.8571107014085,0
34.99955596904142,33.27392449696194,1
38.16456977400646,65.96766837952299,0
35.174306423278416,84.14419656664049,0
31.94310611980604,52.992921956835104,0
33.08265474055747,42.97996665784962,1
37.7825584788002,56.55464075596892,0
31.57613509023881,32.90176266292685,1
32.64782648656775,79.22925506881649,0
23.12953432007201,79.5804486570112,0
29.478424402322055,65.2800278057777,0
34.32794223916198,51.18617333630337,0
25.41885396632731,77.987001866747,0
24.0450836104907,63.281221487302034,0
26.276536164488313,79.55593851300097,0
24.83001255985667,67.88752755498123,0
24.298252740727918,77.06432839276783,0
28.49701685736174,65.9137795930656,0
38.15677027767068,54.84846409293998,0
30.141192934774367,87.47675159556826,0
23.75840761630646,62.46682949273068,0
21.539433387617482,66.30537111243231,0
33.92312290275851,43.229258364884956,1
27.655975288727756,67.53904736563659,0
36.43661893170719,64.29645896897662,0
33.1902153728154,41.090303876821494,1
35.92482901082737,33.575225841188626,1
25.438920788368975,66.26155918288626,0
33.84717844922116,75.82153616101922,0
25.281239693874376,61.40408225532049,0
38.781369589005834,43.606357519178744,1
32.72748563066749,69.9913186015821,0
26.490236003506844,34.806343596576134,0
25.390237245845455,56.51002228811728,0
23.81853170143287,39.80200550390521,0
33.89281917787456,41.067543063593,1
24.374312259958547,42.13763694949222,0
31.906065318549782,53.202423422638674,0
25.292700538507148,33.06901233722386,0
33.23937889587737,53.86760645574589,0
36.298794570810784,60.70244682688205,0
35.56050486289306,58.99765709797951,0
35.217026618615634,52.96704602418244,0
23.75444811384504,80.34879648424516,0
21.767698939690373,38.71960154523025,0
33.978976569747715,60.341804626882436,0
27.366944275887025,33.72248501739326,0
28.646924528066947,34.269340732674586,1
20.62298185586782,64.43195098062577,0
25.191528985500984,63.96110549326926,0
20.67352807748928,82.68201077066742,0
37.583715452024954,63.47242053960439,0
24.86793366437061,87.58746122429102,0
31.146743391460163,32.92169090399579,1
20.77958641322261,35.88046108684446,0
33.33694782611316,32.643951694222885,1
26.460546915081878,41.1166110200124,0
37.95838373915332,62.476206656500686,0
37.762363778680715,68.73433088564568,0
26.505812367234956,32.73510947692013,0
38.019217913809356,86.75825339073596,0
39.923153469975574,80.52992259902285,0
36.508313282478966,47.79674892942559,1
36.89742695510458,34.63125181358808,1
24.9801747221818,40.19322439314344,0
31.534047977155126,37.61666482529836,1
